soc_id,EA033,EA066,EA030,EA028,EA039,complexity_score
Aa1,1.0,1.0,1.0,1.0,1.0,-2.28446569733846
Aa2,1.0,1.0,1.0,1.0,1.0,-2.28446569733846
Aa3,2.0,2.0,1.0,1.0,1.0,-1.5229050670460025
Aa5,1.0,1.0,1.0,1.0,1.0,-2.28446569733846
Aa6,2.0,1.0,5.0,3.0,1.0,-0.6191332711899468
Aa7,1.0,1.0,1.0,1.0,1.0,-2.28446569733846
Aa8,1.0,1.0,1.0,1.0,1.0,-2.28446569733846
Aa9,1.0,1.0,1.0,1.0,1.0,-2.28446569733846
Ab1,1.0,2.0,1.0,1.0,1.0,-1.9645107108888697
Ab10,3.0,2.0,5.0,5.0,2.0,1.3737391808967077
Ab11,4.0,4.0,5.0,3.0,2.0,1.8815969878684677
Ab12,4.0,4.0,5.0,3.0,1.0,1.2239429758445586
Ab13,3.0,3.0,8.0,3.0,1.0,0.9499340749536197
Ab14,3.0,4.0,6.0,5.0,2.0,2.1761663969297276
Ab15,3.0,2.0,7.0,3.0,1.0,0.46746184537019
Ab19,3.0,4.0,5.0,3.0,1.0,0.7823373320016912
Ab2,4.0,4.0,6.0,3.0,2.0,2.044114231002307
Ab21a,2.0,1.0,5.0,3.0,1.0,-0.6191332711899468
Ab3,4.0,4.0,3.0,5.0,1.0,1.472566299347167
Ab4,3.0,4.0,7.0,3.0,1.0,1.1073718182693704
Ab5,3.0,4.0,7.0,3.0,1.0,1.1073718182693704
Ab6,3.0,4.0,7.0,5.0,1.0,1.6810296280396582
Ab7,3.0,4.0,6.0,3.0,1.0,0.9448545751355307
Ab8,4.0,4.0,6.0,5.0,2.0,2.6177720407725946
Ab9,4.0,3.0,8.0,3.0,1.0,1.3915397187964873
Ac1,2.0,2.0,3.0,3.0,1.0,-0.6242127710080357
Ac10,3.0,1.0,7.0,3.0,1.0,0.14750685892059978
Ac11,2.0,1.0,7.0,3.0,1.0,-0.29409878492226754
Ac12,3.0,4.0,7.0,3.0,1.0,1.1073718182693704
Ac13,1.0,1.0,6.0,3.0,1.0,-0.8982216718989745
Ac14,2.0,4.0,7.0,3.0,1.0,0.665766174426503
Ac17,4.0,4.0,7.0,3.0,1.0,1.5489774621122376
Ac2,2.0,4.0,7.0,3.0,1.0,0.665766174426503
Ac21,3.0,4.0,5.0,3.0,1.0,0.7823373320016912
Ac23,2.0,4.0,7.0,3.0,1.0,0.665766174426503
Ac24,2.0,1.0,7.0,3.0,1.0,-0.29409878492226754
Ac25,2.0,1.0,7.0,3.0,1.0,-0.29409878492226754
Ac26,2.0,1.0,6.0,3.0,1.0,-0.4566160280561072
Ac27,2.0,1.0,4.0,3.0,1.0,-0.7816505143237864
Ac3,3.0,4.0,4.0,3.0,1.0,0.6198200888678516
Ac30,1.0,1.0,6.0,3.0,1.0,-0.8982216718989745
Ac31,3.0,4.0,7.0,3.0,1.0,1.1073718182693704
Ac32,2.0,1.0,7.0,3.0,1.0,-0.29409878492226754
Ac33,2.0,4.0,7.0,3.0,1.0,0.665766174426503
Ac34,3.0,4.0,7.0,3.0,1.0,1.1073718182693704
Ac36,3.0,4.0,7.0,3.0,1.0,1.1073718182693704
Ac37,3.0,1.0,7.0,3.0,1.0,0.14750685892059978
Ac38,2.0,1.0,5.0,3.0,1.0,-0.6191332711899468
Ac4,3.0,4.0,4.0,3.0,1.0,0.6198200888678516
Ac40,2.0,1.0,7.0,3.0,1.0,-0.29409878492226754
Ac41,1.0,1.0,6.0,3.0,1.0,-0.8982216718989745
Ac5,3.0,1.0,7.0,3.0,1.0,0.14750685892059978
Ac7,2.0,1.0,6.0,3.0,1.0,-0.4566160280561072
Ac8,2.0,4.0,7.0,3.0,1.0,0.665766174426503
Ac9,4.0,4.0,7.0,3.0,1.0,1.5489774621122376
Ad1,1.0,1.0,7.0,3.0,1.0,-0.7357044287651349
Ad10,3.0,4.0,7.0,5.0,1.0,1.6810296280396582
Ad11,3.0,4.0,7.0,6.0,1.0,1.9678585329248022
Ad12,2.0,1.0,5.0,3.0,1.0,-0.6191332711899468
Ad13,1.0,1.0,5.0,3.0,1.0,-1.060738915032814
Ad14,1.0,1.0,6.0,3.0,1.0,-0.8982216718989745
Ad15,3.0,4.0,7.0,3.0,1.0,1.1073718182693704
Ad16,3.0,4.0,7.0,5.0,1.0,1.6810296280396582
Ad17,2.0,4.0,7.0,3.0,1.0,0.665766174426503
Ad19,3.0,4.0,7.0,3.0,1.0,1.1073718182693704
Ad2,4.0,4.0,5.0,5.0,1.0,1.7976007856148464
Ad20,3.0,4.0,6.0,3.0,1.0,0.9448545751355307
Ad21,3.0,4.0,7.0,3.0,1.0,1.1073718182693704
Ad22,3.0,4.0,5.0,5.0,1.0,1.355995141771979
Ad23,3.0,4.0,7.0,6.0,1.0,1.9678585329248022
Ad24,2.0,4.0,5.0,3.0,1.0,0.3407316881588238
Ad25,2.0,1.0,5.0,3.0,1.0,-0.6191332711899468
Ad26,1.0,1.0,5.0,5.0,1.0,-0.48708110526252635
Ad27,1.0,1.0,6.0,3.0,1.0,-0.8982216718989745
Ad28,1.0,1.0,6.0,3.0,1.0,-0.8982216718989745
Ad29,4.0,4.0,7.0,3.0,1.0,1.5489774621122376
Ad3,2.0,4.0,5.0,6.0,1.0,1.2012184028142556
Ad32,4.0,1.0,7.0,3.0,1.0,0.5891125027634672
Ad33,2.0,1.0,7.0,6.0,1.0,0.566387929733164
Ad35,1.0,1.0,5.0,3.0,1.0,-1.060738915032814
Ad36,1.0,4.0,5.0,5.0,1.0,0.47278385408624424
Ad37,2.0,1.0,5.0,5.0,1.0,-0.04547546141965905
Ad38,1.0,1.0,6.0,5.0,1.0,-0.3245638621286868
Ad39,1.0,3.0,7.0,6.0,1.0,0.7646922587894771
Ad4,1.0,2.0,7.0,5.0,1.0,0.15790836745474301
Ad41,1.0,2.0,5.0,3.0,1.0,-0.7407839285832238
Ad42,3.0,4.0,5.0,5.0,1.0,1.355995141771979
Ad43,3.0,4.0,5.0,5.0,1.0,1.355995141771979
Ad44,1.0,1.0,5.0,3.0,1.0,-1.060738915032814
Ad45,4.0,3.0,5.0,3.0,1.0,0.9039879893949684
Ad46,3.0,4.0,5.0,5.0,1.0,1.355995141771979
Ad47,3.0,4.0,5.0,5.0,1.0,1.355995141771979
Ad48,4.0,4.0,5.0,3.0,1.0,1.2239429758445586
Ad49,4.0,4.0,5.0,3.0,1.0,1.2239429758445586
Ad50,2.0,1.0,7.0,3.0,1.0,-0.29409878492226754
Ad51,1.0,1.0,7.0,3.0,1.0,-0.7357044287651349
Ad6,3.0,1.0,7.0,5.0,1.0,0.7211646686908875
Ad7,4.0,4.0,7.0,5.0,1.0,2.122635271882525
Ad8,3.0,4.0,5.0,5.0,1.0,1.355995141771979
Ad9,2.0,2.0,5.0,3.0,1.0,-0.29917828474035657
Ae1,1.0,1.0,6.0,3.0,1.0,-0.8982216718989745
Ae10,4.0,5.0,5.0,5.0,1.0,2.1175557720644367
Ae11,2.0,1.0,7.0,3.0,1.0,-0.29409878492226754
Ae12,3.0,2.0,7.0,3.0,1.0,0.46746184537019
Ae14,3.0,4.0,5.0,5.0,1.0,1.355995141771979
Ae15,3.0,5.0,7.0,5.0,1.0,2.0009846144892482
Ae17,2.0,1.0,8.0,3.0,1.0,-0.13158154178842796
Ae18,1.0,2.0,8.0,3.0,1.0,-0.25323219918170514
Ae2,1.0,2.0,7.0,3.0,1.0,-0.41574944231554467
Ae20,2.0,2.0,6.0,3.0,1.0,-0.13666104160651696
Ae21,1.0,1.0,7.0,3.0,1.0,-0.7357044287651349
Ae22,2.0,1.0,7.0,3.0,1.0,-0.29409878492226754
Ae26,3.0,4.0,7.0,3.0,1.0,1.1073718182693704
Ae28,2.0,2.0,7.0,3.0,1.0,0.02585620152732262
Ae29,2.0,1.0,7.0,3.0,1.0,-0.29409878492226754
Ae3,1.0,2.0,7.0,3.0,1.0,-0.41574944231554467
Ae30,1.0,1.0,7.0,3.0,1.0,-0.7357044287651349
Ae31,1.0,1.0,7.0,3.0,1.0,-0.7357044287651349
Ae32,1.0,1.0,7.0,3.0,1.0,-0.7357044287651349
Ae33,3.0,1.0,7.0,3.0,1.0,0.14750685892059978
Ae34,1.0,1.0,5.0,3.0,1.0,-1.060738915032814
Ae35,1.0,1.0,7.0,3.0,1.0,-0.7357044287651349
Ae36,1.0,1.0,7.0,3.0,1.0,-0.7357044287651349
Ae38,1.0,1.0,7.0,3.0,1.0,-0.7357044287651349
Ae39,2.0,1.0,7.0,3.0,1.0,-0.29409878492226754
Ae4,3.0,1.0,6.0,3.0,1.0,-0.015010384213239808
Ae41,1.0,1.0,7.0,3.0,1.0,-0.7357044287651349
Ae42,1.0,1.0,7.0,3.0,1.0,-0.7357044287651349
Ae43,1.0,1.0,7.0,3.0,1.0,-0.7357044287651349
Ae44,5.0,4.0,7.0,3.0,1.0,1.9905831059551056
Ae45,1.0,1.0,7.0,3.0,1.0,-0.7357044287651349
Ae47,2.0,1.0,7.0,3.0,1.0,-0.29409878492226754
Ae48,1.0,1.0,5.0,3.0,1.0,-1.060738915032814
Ae5,3.0,4.0,6.0,3.0,1.0,0.9448545751355307
Ae50,4.0,4.0,7.0,3.0,1.0,1.5489774621122376
Ae51,1.0,1.0,5.0,3.0,1.0,-1.060738915032814
Ae56,3.0,4.0,7.0,3.0,1.0,1.1073718182693704
Ae58,2.0,4.0,7.0,3.0,1.0,0.665766174426503
Ae6,4.0,4.0,7.0,3.0,1.0,1.5489774621122376
Ae7,3.0,1.0,6.0,3.0,1.0,-0.015010384213239808
Ae8,4.0,5.0,5.0,5.0,1.0,2.1175557720644367
Ae9,2.0,4.0,7.0,3.0,1.0,0.665766174426503
Af1,4.0,4.0,7.0,3.0,1.0,1.5489774621122376
Af10,2.0,1.0,6.0,3.0,1.0,-0.4566160280561072
Af11,2.0,1.0,7.0,3.0,1.0,-0.29409878492226754
Af13,2.0,4.0,7.0,3.0,1.0,0.665766174426503
Af15,2.0,2.0,7.0,3.0,1.0,0.02585620152732262
Af16,2.0,1.0,7.0,3.0,1.0,-0.29409878492226754
Af19,2.0,2.0,7.0,3.0,1.0,0.02585620152732262
Af2,2.0,1.0,7.0,3.0,1.0,-0.29409878492226754
Af20,2.0,2.0,6.0,3.0,1.0,-0.13666104160651696
Af21,3.0,4.0,7.0,3.0,1.0,1.1073718182693704
Af22,2.0,4.0,7.0,3.0,1.0,0.665766174426503
Af23,2.0,2.0,7.0,5.0,1.0,0.5995140112976103
Af24,4.0,4.0,7.0,3.0,1.0,1.5489774621122376
Af25,2.0,2.0,8.0,3.0,1.0,0.18837344466116218
Af26,2.0,2.0,7.0,3.0,1.0,0.02585620152732262
Af27,1.0,2.0,7.0,3.0,1.0,-0.41574944231554467
Af29,2.0,1.0,5.0,3.0,1.0,-0.6191332711899468
Af3,3.0,4.0,7.0,3.0,1.0,1.1073718182693704
Af32,3.0,4.0,7.0,3.0,1.0,1.1073718182693704
Af33,3.0,4.0,7.0,3.0,1.0,1.1073718182693704
Af34,4.0,4.0,7.0,3.0,1.0,1.5489774621122376
Af36,3.0,4.0,8.0,3.0,1.0,1.2698890614032101
Af37,2.0,1.0,7.0,3.0,1.0,-0.29409878492226754
Af39,3.0,4.0,5.0,3.0,1.0,0.7823373320016912
Af4,1.0,1.0,7.0,3.0,1.0,-0.7357044287651349
Af40,3.0,4.0,7.0,3.0,1.0,1.1073718182693704
Af41,2.0,3.0,7.0,3.0,1.0,0.3458111879769128
Af42,2.0,4.0,7.0,3.0,1.0,0.665766174426503
Af45,2.0,1.0,7.0,3.0,1.0,-0.29409878492226754
Af47,2.0,1.0,7.0,3.0,1.0,-0.29409878492226754
Af49,2.0,1.0,7.0,3.0,1.0,-0.29409878492226754
Af5,2.0,4.0,8.0,3.0,1.0,0.8282834175603425
Af51,1.0,1.0,7.0,3.0,1.0,-0.7357044287651349
Af52,2.0,2.0,7.0,3.0,1.0,0.02585620152732262
Af54,2.0,1.0,7.0,3.0,1.0,-0.29409878492226754
Af55,2.0,2.0,8.0,3.0,1.0,0.18837344466116218
Af6,4.0,5.0,7.0,3.0,1.0,1.8689324485618282
Af7,1.0,1.0,7.0,3.0,1.0,-0.7357044287651349
Af8,3.0,5.0,6.0,3.0,1.0,1.2648095615851211
Af9,2.0,1.0,7.0,3.0,1.0,-0.29409878492226754
Ag1,2.0,4.0,7.0,5.0,1.0,1.239423984196791
Ag10,1.0,1.0,6.0,3.0,1.0,-0.8982216718989745
Ag11,1.0,1.0,5.0,3.0,1.0,-1.060738915032814
Ag12,1.0,1.0,5.0,3.0,1.0,-1.060738915032814
Ag14,2.0,1.0,7.0,3.0,1.0,-0.29409878492226754
Ag15,1.0,1.0,7.0,3.0,1.0,-0.7357044287651349
Ag16,1.0,1.0,5.0,3.0,1.0,-1.060738915032814
Ag17,1.0,3.0,7.0,3.0,1.0,-0.09579445586595446
Ag18,2.0,1.0,7.0,3.0,1.0,-0.29409878492226754
Ag19,2.0,1.0,7.0,3.0,1.0,-0.29409878492226754
Ag2,3.0,5.0,5.0,5.0,1.0,1.6759501282215694
Ag21,2.0,1.0,7.0,3.0,1.0,-0.29409878492226754
Ag22,3.0,4.0,5.0,3.0,1.0,0.7823373320016912
Ag23,3.0,2.0,7.0,3.0,1.0,0.46746184537019
Ag25,3.0,4.0,7.0,3.0,1.0,1.1073718182693704
Ag27,2.0,2.0,7.0,3.0,1.0,0.02585620152732262
Ag28,2.0,5.0,7.0,5.0,1.0,1.559378970646381
Ag3,2.0,2.0,7.0,5.0,1.0,0.5995140112976103
Ag30,1.0,1.0,5.0,3.0,1.0,-1.060738915032814
Ag31,3.0,1.0,7.0,3.0,1.0,0.14750685892059978
Ag32,2.0,1.0,7.0,6.0,1.0,0.566387929733164
Ag34,1.0,1.0,5.0,3.0,1.0,-1.060738915032814
Ag35,1.0,1.0,7.0,3.0,1.0,-0.7357044287651349
Ag37,1.0,1.0,6.0,3.0,1.0,-0.8982216718989745
Ag38,1.0,1.0,6.0,3.0,1.0,-0.8982216718989745
Ag39,2.0,1.0,5.0,3.0,1.0,-0.6191332711899468
Ag4,1.0,2.0,5.0,5.0,1.0,-0.16712611881293618
Ag40,1.0,2.0,7.0,3.0,1.0,-0.41574944231554467
Ag41,1.0,1.0,5.0,5.0,1.0,-0.48708110526252635
Ag42,2.0,1.0,5.0,5.0,1.0,-0.04547546141965905
Ag44,4.0,4.0,7.0,3.0,1.0,1.5489774621122376
Ag45,3.0,4.0,7.0,3.0,1.0,1.1073718182693704
Ag47,4.0,4.0,5.0,3.0,1.0,1.2239429758445586
Ag48,2.0,1.0,7.0,5.0,1.0,0.27955902484802014
Ag49,1.0,1.0,6.0,5.0,1.0,-0.3245638621286868
Ag5,1.0,1.0,5.0,3.0,1.0,-1.060738915032814
Ag50,2.0,1.0,6.0,3.0,1.0,-0.4566160280561072
Ag51,1.0,1.0,7.0,3.0,1.0,-0.7357044287651349
Ag54,2.0,1.0,8.0,3.0,1.0,-0.13158154178842796
Ag6,3.0,4.0,8.0,3.0,1.0,1.2698890614032101
Ag7,2.0,1.0,3.0,6.0,1.0,-0.08368104280219435
Ag8,2.0,1.0,7.0,3.0,1.0,-0.29409878492226754
Ag9,2.0,4.0,7.0,3.0,1.0,0.665766174426503
Ah1,1.0,1.0,7.0,5.0,1.0,-0.16204661899484715
Ah10,2.0,1.0,7.0,3.0,1.0,-0.29409878492226754
Ah13,1.0,1.0,3.0,3.0,1.0,-1.3857734013004932
Ah15,3.0,2.0,7.0,5.0,1.0,1.0411196551404778
Ah16,2.0,4.0,5.0,5.0,1.0,0.9143894979291115
Ah19,2.0,1.0,7.0,5.0,1.0,0.27955902484802014
Ah2,1.0,4.0,7.0,3.0,1.0,0.22416053058363572
Ah20,2.0,1.0,7.0,5.0,1.0,0.27955902484802014
Ah25,1.0,1.0,7.0,3.0,1.0,-0.7357044287651349
Ah26,1.0,1.0,7.0,3.0,1.0,-0.7357044287651349
Ah28,2.0,1.0,7.0,3.0,1.0,-0.29409878492226754
Ah29,1.0,1.0,7.0,3.0,1.0,-0.7357044287651349
Ah3,2.0,1.0,5.0,3.0,1.0,-0.6191332711899468
Ah30,1.0,1.0,6.0,5.0,1.0,-0.3245638621286868
Ah31,2.0,1.0,7.0,5.0,1.0,0.27955902484802014
Ah32,1.0,1.0,7.0,5.0,1.0,-0.16204661899484715
Ah33,2.0,1.0,6.0,5.0,1.0,0.11704178171418049
Ah34,2.0,4.0,6.0,5.0,1.0,1.0769067410629511
Ah35,1.0,1.0,6.0,5.0,1.0,-0.3245638621286868
Ah36,1.0,4.0,7.0,5.0,1.0,0.7978183403539234
Ah37,1.0,1.0,6.0,5.0,1.0,-0.3245638621286868
Ah38,2.0,1.0,7.0,5.0,1.0,0.27955902484802014
Ah39,2.0,1.0,7.0,5.0,1.0,0.27955902484802014
Ah4,1.0,1.0,6.0,5.0,1.0,-0.3245638621286868
Ah5,2.0,1.0,6.0,5.0,1.0,0.11704178171418049
Ah6,1.0,1.0,6.0,3.0,1.0,-0.8982216718989745
Ah7,1.0,1.0,6.0,5.0,1.0,-0.3245638621286868
Ah8,2.0,4.0,7.0,3.0,1.0,0.665766174426503
Ah9,1.0,1.0,6.0,3.0,1.0,-0.8982216718989745
Ai1,1.0,1.0,5.0,3.0,1.0,-1.060738915032814
Ai10,2.0,2.0,6.0,5.0,1.0,0.43699676816377075
Ai11,3.0,4.0,5.0,3.0,1.0,0.7823373320016912
Ai12,1.0,1.0,6.0,3.0,1.0,-0.8982216718989745
Ai13,1.0,1.0,7.0,3.0,1.0,-0.7357044287651349
Ai18,3.0,4.0,7.0,5.0,1.0,1.6810296280396582
Ai20,1.0,1.0,5.0,3.0,1.0,-1.060738915032814
Ai21,4.0,4.0,7.0,3.0,1.0,1.5489774621122376
Ai22,1.0,1.0,5.0,3.0,1.0,-1.060738915032814
Ai23,2.0,1.0,7.0,3.0,1.0,-0.29409878492226754
Ai24,1.0,1.0,5.0,3.0,1.0,-1.060738915032814
Ai26,1.0,1.0,7.0,3.0,1.0,-0.7357044287651349
Ai28,2.0,1.0,7.0,3.0,1.0,-0.29409878492226754
Ai29,2.0,1.0,7.0,3.0,1.0,-0.29409878492226754
Ai3,3.0,4.0,5.0,3.0,1.0,0.7823373320016912
Ai30,2.0,1.0,7.0,3.0,1.0,-0.29409878492226754
Ai31,2.0,4.0,5.0,3.0,1.0,0.3407316881588238
Ai32,2.0,1.0,6.0,3.0,1.0,-0.4566160280561072
Ai33,2.0,1.0,5.0,3.0,1.0,-0.6191332711899468
Ai34,2.0,1.0,5.0,3.0,1.0,-0.6191332711899468
Ai35,2.0,1.0,5.0,3.0,1.0,-0.6191332711899468
Ai36,2.0,1.0,5.0,3.0,1.0,-0.6191332711899468
Ai37,2.0,1.0,6.0,5.0,1.0,0.11704178171418049
Ai38,1.0,2.0,6.0,3.0,1.0,-0.5782666854493843
Ai39,2.0,2.0,6.0,3.0,1.0,-0.13666104160651696
Ai40,1.0,2.0,6.0,5.0,1.0,-0.004608875679096601
Ai41,2.0,1.0,6.0,5.0,1.0,0.11704178171418049
Ai42,2.0,1.0,6.0,3.0,1.0,-0.4566160280561072
Ai43,1.0,1.0,6.0,5.0,1.0,-0.3245638621286868
Ai44,2.0,4.0,7.0,5.0,1.0,1.239423984196791
Ai46,1.0,1.0,7.0,3.0,1.0,-0.7357044287651349
Ai47,2.0,1.0,7.0,3.0,1.0,-0.29409878492226754
Ai5,1.0,1.0,7.0,3.0,1.0,-0.7357044287651349
Ai6,2.0,5.0,6.0,3.0,1.0,0.8232039177422535
Ai7,1.0,1.0,7.0,3.0,1.0,-0.7357044287651349
Ai8,2.0,1.0,6.0,5.0,1.0,0.11704178171418049
Ai9,1.0,1.0,5.0,6.0,1.0,-0.20025220037738242
Aj1,2.0,1.0,5.0,3.0,2.0,0.03852074083396238
Aj10,2.0,1.0,6.0,3.0,1.0,-0.4566160280561072
Aj11,2.0,1.0,2.0,3.0,1.0,-1.1066850005914655
Aj12,2.0,2.0,7.0,3.0,1.0,0.02585620152732262
Aj13,1.0,3.0,7.0,3.0,1.0,-0.09579445586595446
Aj14,2.0,1.0,7.0,3.0,1.0,-0.29409878492226754
Aj15,2.0,3.0,5.0,5.0,1.0,0.5944345114795213
Aj16,1.0,2.0,3.0,3.0,1.0,-1.065818414850903
Aj17,2.0,4.0,6.0,3.0,1.0,0.5032489312926633
Aj19,3.0,1.0,2.0,3.0,1.0,-0.6650793567485981
Aj2,2.0,1.0,1.0,1.0,1.0,-1.8428600534955926
Aj21,2.0,2.0,3.0,3.0,1.0,-0.6242127710080357
Aj23,2.0,1.0,2.0,3.0,1.0,-1.1066850005914655
Aj25,2.0,2.0,6.0,6.0,1.0,0.7238256730489147
Aj26,2.0,1.0,5.0,5.0,1.0,-0.04547546141965905
Aj28,2.0,1.0,2.0,3.0,1.0,-1.1066850005914655
Aj29,3.0,1.0,1.0,1.0,1.0,-1.4012544096527253
Aj3,1.0,1.0,2.0,3.0,1.0,-1.5482906444343327
Aj4,1.0,2.0,7.0,3.0,1.0,-0.41574944231554467
Aj5,1.0,1.0,2.0,3.0,1.0,-1.5482906444343327
Aj6,2.0,2.0,5.0,5.0,1.0,0.2744795250299311
Aj7,2.0,1.0,5.0,5.0,1.0,-0.04547546141965905
Aj8,1.0,2.0,5.0,3.0,1.0,-0.7407839285832238
Aj9,3.0,1.0,5.0,6.0,1.0,0.6829590873083522
Ca1,1.0,2.0,7.0,5.0,2.0,0.8155623794786522
Ca10,4.0,2.0,1.0,2.0,1.0,-0.3528648744751241
Ca11,3.0,1.0,3.0,3.0,3.0,0.8127459104330597
Ca12,4.0,4.0,5.0,5.0,3.0,3.1129088096626645
Ca17,2.0,1.0,5.0,6.0,1.0,0.24135344346548482
Ca19,2.0,1.0,6.0,3.0,1.0,-0.4566160280561072
Ca2,3.0,2.0,1.0,5.0,1.0,0.06601619633744012
Ca21,2.0,1.0,6.0,3.0,1.0,-0.4566160280561072
Ca22,3.0,1.0,5.0,5.0,1.0,0.3961301824232083
Ca27,3.0,3.0,5.0,3.0,1.0,0.462382345552101
Ca28,2.0,4.0,5.0,5.0,1.0,0.9143894979291115
Ca29,4.0,4.0,5.0,5.0,3.0,3.1129088096626645
Ca3,3.0,5.0,7.0,5.0,3.0,3.3162926385370666
Ca30,5.0,4.0,5.0,5.0,3.0,3.554514453505532
Ca32,1.0,1.0,7.0,3.0,3.0,0.5796035952826833
Ca33,1.0,1.0,7.0,3.0,3.0,0.5796035952826833
Ca36,3.0,3.0,1.0,2.0,1.0,-0.47451553186840123
Ca37,2.0,3.0,2.0,2.0,1.0,-0.753603932577429
Ca38,2.0,3.0,2.0,3.0,3.0,0.8485329963555331
Ca39,4.0,5.0,5.0,5.0,3.0,3.432863796112255
Ca4,2.0,2.0,5.0,5.0,1.0,0.2744795250299311
Ca40,3.0,2.0,5.0,5.0,1.0,0.7160851688727985
Ca41,3.0,2.0,5.0,5.0,1.0,0.7160851688727985
Ca42,3.0,4.0,6.0,5.0,1.0,1.5185123849058186
Ca5,2.0,1.0,2.0,6.0,1.0,-0.24619828593603385
Ca6,3.0,2.0,2.0,2.0,1.0,-0.6319532751841518
Ca7,4.0,5.0,6.0,5.0,3.0,3.5953810392460945
Cb10,2.0,1.0,6.0,3.0,1.0,-0.4566160280561072
Cb15,4.0,2.0,1.0,3.0,1.0,-0.06603596958998022
Cb17,4.0,4.0,7.0,5.0,1.0,2.122635271882525
Cb18,2.0,4.0,7.0,5.0,1.0,1.239423984196791
Cb19,4.0,4.0,8.0,5.0,1.0,2.285152515016365
Cb2,3.0,5.0,7.0,3.0,1.0,1.4273268047189607
Cb22,3.0,3.0,7.0,3.0,1.0,0.7874168318197802
Cb23,2.0,4.0,7.0,3.0,1.0,0.665766174426503
Cb24,2.0,1.0,1.0,2.0,1.0,-1.5560311486104488
Cb25,3.0,2.0,7.0,3.0,1.0,0.46746184537019
Cb26,4.0,5.0,7.0,6.0,1.0,2.7294191632172597
Cb3,4.0,5.0,7.0,5.0,1.0,2.4425902583321157
Cb5,2.0,1.0,5.0,3.0,1.0,-0.6191332711899468
Cb6,2.0,4.0,7.0,3.0,1.0,0.665766174426503
Cb7,3.0,4.0,7.0,3.0,1.0,1.1073718182693704
Cb8,1.0,2.0,3.0,3.0,1.0,-1.065818414850903
Cb9,3.0,4.0,7.0,3.0,1.0,1.1073718182693704
Cc1,4.0,5.0,2.0,6.0,3.0,3.23214097159588
Cc10,3.0,3.0,2.0,6.0,1.0,0.8353173308060139
Cc11,3.0,3.0,1.0,6.0,1.0,0.6728000876721741
Cc12,3.0,3.0,1.0,6.0,1.0,0.6728000876721741
Cc13,3.0,3.0,1.0,5.0,1.0,0.38597118278703035
Cc14,1.0,4.0,2.0,6.0,1.0,0.2720610295698694
Cc16,3.0,3.0,2.0,6.0,1.0,0.8353173308060139
Cc17,4.0,3.0,1.0,6.0,3.0,2.42971375556286
Cc18,2.0,3.0,2.0,5.0,1.0,0.10688278207800254
Cc19,4.0,3.0,2.0,6.0,1.0,1.2769229746488813
Cc2,2.0,4.0,2.0,6.0,1.0,0.7136666734127366
Cc20,3.0,3.0,2.0,5.0,1.0,0.5484884259208699
Cc3,2.0,2.0,8.0,6.0,1.0,1.0488601593165938
Cc4,1.0,4.0,7.0,6.0,1.0,1.0846472452390674
Cc5,2.0,3.0,1.0,6.0,1.0,0.23119444382930687
Cc6,3.0,2.0,1.0,2.0,1.0,-0.7944705183179914
Cc7,2.0,3.0,1.0,2.0,1.0,-0.9161211757112686
Cc9,3.0,3.0,2.0,6.0,1.0,0.8353173308060139
Cd1,1.0,2.0,7.0,6.0,1.0,0.4447372723398869
Cd10,3.0,2.0,3.0,6.0,3.0,1.9931876115380815
Cd11,3.0,4.0,7.0,3.0,1.0,1.1073718182693704
Cd13,4.0,2.0,3.0,5.0,3.0,2.1479643504958053
Cd15,3.0,2.0,7.0,6.0,3.0,2.64325658407344
Cd16,5.0,5.0,7.0,6.0,3.0,4.486332831107945
Cd17,2.0,2.0,2.0,5.0,3.0,1.1022358196762307
Cd18,2.0,3.0,2.0,5.0,3.0,1.4221908061258208
Cd19,4.0,5.0,7.0,5.0,1.0,2.4425902583321157
Cd2,4.0,5.0,7.0,6.0,3.0,4.044727187265078
Cd21,5.0,5.0,7.0,5.0,3.0,4.1995039262228016
Cd3,2.0,2.0,7.0,5.0,3.0,1.9148220353454286
Cd4,4.0,1.0,7.0,5.0,3.0,2.4780783365815733
Cd5,2.0,1.0,6.0,6.0,3.0,1.7191787106471428
Cd6,5.0,5.0,7.0,6.0,3.0,4.486332831107945
Cd7,3.0,2.0,3.0,5.0,3.0,1.7063587066529375
Ce1,3.0,1.0,5.0,5.0,3.0,1.7114382064710265
Ce3,5.0,5.0,7.0,5.0,3.0,4.1995039262228016
Ce5,4.0,5.0,8.0,5.0,3.0,3.9204155255137736
Ce6,4.0,5.0,7.0,5.0,3.0,3.757898282379934
Ce7,4.0,5.0,7.0,5.0,3.0,3.757898282379934
Ce8,4.0,5.0,8.0,5.0,3.0,3.9204155255137736
Cf1,4.0,5.0,8.0,5.0,3.0,3.9204155255137736
Cf2,3.0,3.0,5.0,5.0,3.0,2.351348179370207
Cf3,1.0,1.0,7.0,5.0,3.0,1.153261405052971
Cf4,5.0,5.0,7.0,5.0,3.0,4.1995039262228016
Cf5,4.0,5.0,7.0,5.0,3.0,3.757898282379934
Cg1,4.0,5.0,7.0,5.0,3.0,3.757898282379934
Cg2,3.0,3.0,7.0,2.0,1.0,0.5005879269346363
Cg3,3.0,5.0,5.0,5.0,3.0,2.9912581522693875
Cg4,1.0,2.0,1.0,1.0,1.0,-1.9645107108888697
Cg5,5.0,5.0,7.0,5.0,3.0,4.1995039262228016
Ch1,4.0,5.0,8.0,5.0,3.0,3.9204155255137736
Ch11,5.0,5.0,7.0,6.0,3.0,4.486332831107945
Ch3,4.0,5.0,7.0,5.0,3.0,3.757898282379934
Ch4,2.0,3.0,6.0,5.0,3.0,2.0722597786611794
Ch5,4.0,5.0,7.0,5.0,3.0,3.757898282379934
Ch6,5.0,5.0,7.0,5.0,3.0,4.1995039262228016
Ch7,5.0,5.0,7.0,5.0,3.0,4.1995039262228016
Ch8,4.0,5.0,7.0,5.0,3.0,3.757898282379934
Ch9,4.0,5.0,7.0,5.0,3.0,3.757898282379934
Ci1,4.0,4.0,2.0,2.0,1.0,0.44956234155789576
Ci10,4.0,2.0,7.0,5.0,3.0,2.7980333230311634
Ci11,3.0,4.0,3.0,6.0,3.0,2.633097584437262
Ci12,2.0,5.0,5.0,5.0,3.0,2.54965250842652
Ci2,1.0,1.0,7.0,5.0,3.0,1.153261405052971
Ci4,2.0,4.0,6.0,5.0,3.0,2.3922147651107695
Ci5,4.0,5.0,7.0,5.0,3.0,3.757898282379934
Ci6,2.0,4.0,7.0,5.0,3.0,2.554732008244609
Ci8,3.0,4.0,7.0,6.0,3.0,3.2831665569726205
Cj1,3.0,3.0,7.0,6.0,3.0,2.96321157052303
Cj2,2.0,2.0,1.0,1.0,1.0,-1.5229050670460025
Cj3,3.0,4.0,7.0,5.0,3.0,2.9963376520874765
Cj4,4.0,5.0,7.0,6.0,3.0,4.044727187265078
Cj6,3.0,5.0,7.0,5.0,3.0,3.3162926385370666
Cj7,4.0,5.0,7.0,5.0,3.0,3.757898282379934
Cj8,2.0,1.0,7.0,5.0,3.0,1.5948670488958383
Cj9,4.0,4.0,7.0,6.0,3.0,3.7247722008154875
Ea1,4.0,3.0,7.0,6.0,3.0,3.4048172143658975
Ea10,3.0,4.0,2.0,5.0,3.0,2.1837514364182784
Ea11,4.0,5.0,7.0,6.0,3.0,4.044727187265078
Ea12,3.0,4.0,1.0,2.0,1.0,-0.15456054541881104
Ea13,5.0,4.0,8.0,5.0,3.0,4.0420661829070506
Ea2,3.0,5.0,7.0,6.0,3.0,3.6031215434222106
Ea3,2.0,2.0,3.0,6.0,3.0,1.551581967695214
Ea4,2.0,3.0,3.0,6.0,3.0,1.8715369541448044
Ea5,2.0,2.0,7.0,6.0,3.0,2.2016509402305724
Ea6,2.0,2.0,1.0,2.0,1.0,-1.2360761621608587
Ea8,3.0,4.0,1.0,6.0,1.0,0.9927550741217644
Ea9,5.0,3.0,7.0,6.0,3.0,3.846422858208765
Eb1,4.0,4.0,2.0,2.0,1.0,0.44956234155789576
Eb2,2.0,4.0,6.0,5.0,3.0,2.3922147651107695
Eb3,4.0,4.0,2.0,2.0,3.0,1.764870365605714
Eb5,4.0,4.0,7.0,6.0,3.0,3.7247722008154875
Eb7,3.0,4.0,3.0,2.0,3.0,1.4857819648966863
Ec1,1.0,1.0,2.0,1.0,1.0,-2.1219484542046203
Ec10,1.0,2.0,2.0,1.0,1.0,-1.8019934677550302
Ec11,1.0,2.0,2.0,1.0,1.0,-1.8019934677550302
Ec2,3.0,2.0,2.0,2.0,1.0,-0.6319532751841518
Ec3,1.0,2.0,1.0,1.0,1.0,-1.9645107108888697
Ec4,1.0,2.0,1.0,1.0,1.0,-1.9645107108888697
Ec5,1.0,2.0,3.0,1.0,1.0,-1.6394762246211905
Ec6,1.0,1.0,2.0,1.0,1.0,-2.1219484542046203
Ec7,2.0,1.0,3.0,3.0,1.0,-0.9441677574576259
Ec8,1.0,1.0,2.0,1.0,1.0,-2.1219484542046203
Ec9,2.0,1.0,7.0,3.0,1.0,-0.29409878492226754
Ed1,3.0,5.0,7.0,6.0,3.0,3.6031215434222106
Ed10,5.0,5.0,7.0,5.0,3.0,4.1995039262228016
Ed15b,5.0,5.0,7.0,6.0,1.0,3.1710248070601272
Ed2,1.0,4.0,7.0,5.0,3.0,2.1131263644017415
Ed4,2.0,1.0,6.0,6.0,1.0,0.40387068659932446
Ed5,5.0,5.0,8.0,6.0,3.0,4.648850074241785
Ed6,5.0,5.0,7.0,6.0,3.0,4.486332831107945
Ed7,3.0,4.0,7.0,5.0,3.0,2.9963376520874765
Ed8,2.0,2.0,7.0,6.0,3.0,2.2016509402305724
Ed9,3.0,2.0,7.0,5.0,3.0,2.356427679188296
Ee1,1.0,2.0,7.0,3.0,1.0,-0.41574944231554467
Ee2,2.0,5.0,7.0,6.0,3.0,3.161515899579343
Ee3,2.0,2.0,5.0,5.0,3.0,1.5897875490777493
Ee4,5.0,5.0,7.0,6.0,3.0,4.486332831107945
Ee5,3.0,4.0,3.0,5.0,3.0,2.346268679552118
Ee6,3.0,2.0,3.0,5.0,3.0,1.7063587066529375
Ee8,4.0,5.0,6.0,6.0,3.0,3.8822099441312385
Ef1,2.0,1.0,7.0,6.0,3.0,1.8816959537809823
Ef11,5.0,4.0,8.0,6.0,3.0,4.328895087792195
Ef2,5.0,5.0,7.0,6.0,3.0,4.486332831107945
Ef5,2.0,5.0,5.0,5.0,3.0,2.54965250842652
Ef7,5.0,5.0,7.0,5.0,3.0,4.1995039262228016
Ef8,4.0,5.0,7.0,6.0,3.0,4.044727187265078
Ef9,4.0,5.0,7.0,5.0,3.0,3.757898282379934
Eg1,1.0,1.0,3.0,2.0,1.0,-1.672602306185637
Eg10,4.0,5.0,7.0,6.0,3.0,4.044727187265078
Eg14,2.0,1.0,7.0,3.0,3.0,1.0212092391255507
Eg2,4.0,5.0,7.0,6.0,3.0,4.044727187265078
Eg3,2.0,2.0,7.0,3.0,1.0,0.02585620152732262
Eg4,2.0,1.0,3.0,1.0,1.0,-1.5178255672279135
Eg5,3.0,5.0,6.0,5.0,3.0,3.153775395403227
Eg6,3.0,5.0,5.0,6.0,3.0,3.2780870571545315
Eg9,1.0,1.0,4.0,3.0,1.0,-1.2232561581666535
Eh1,1.0,1.0,2.0,1.0,1.0,-2.1219484542046203
Eh2,4.0,4.0,7.0,6.0,1.0,2.409464176767669
Eh3,2.0,4.0,7.0,6.0,1.0,1.5262528890819347
Eh4,1.0,1.0,2.0,1.0,1.0,-2.1219484542046203
Eh5,1.0,1.0,6.0,4.0,1.0,-0.6113927670138306
Eh6,4.0,5.0,7.0,6.0,3.0,4.044727187265078
Eh7,2.0,4.0,3.0,3.0,1.0,0.015697201891144617
Eh8,4.0,4.0,6.0,3.0,1.0,1.386460218978398
Eh9,3.0,4.0,7.0,5.0,1.0,1.6810296280396582
Ei1,2.0,2.0,7.0,3.0,1.0,0.02585620152732262
Ei11,1.0,2.0,7.0,3.0,1.0,-0.41574944231554467
Ei12,2.0,2.0,7.0,3.0,1.0,0.02585620152732262
Ei13,1.0,2.0,7.0,6.0,1.0,0.4447372723398869
Ei14,1.0,2.0,7.0,3.0,1.0,-0.41574944231554467
Ei16,1.0,4.0,7.0,3.0,1.0,0.22416053058363572
Ei18,2.0,2.0,7.0,3.0,1.0,0.02585620152732262
Ei19,2.0,4.0,7.0,3.0,1.0,0.665766174426503
Ei2,1.0,2.0,7.0,3.0,1.0,-0.41574944231554467
Ei3,4.0,5.0,7.0,6.0,3.0,4.044727187265078
Ei4,2.0,4.0,7.0,3.0,1.0,0.665766174426503
Ei5,2.0,4.0,7.0,3.0,1.0,0.665766174426503
Ei6,1.0,2.0,7.0,3.0,2.0,0.2419045697083645
Ei7,1.0,2.0,7.0,6.0,1.0,0.4447372723398869
Ei8,2.0,4.0,7.0,3.0,1.0,0.665766174426503
Ej1,1.0,2.0,7.0,3.0,1.0,-0.41574944231554467
Ej10,1.0,2.0,6.0,3.0,1.0,-0.5782666854493843
Ej11,3.0,4.0,6.0,6.0,3.0,3.1206493138387805
Ej12,2.0,4.0,7.0,3.0,3.0,1.9810741984743212
Ej13,3.0,4.0,5.0,6.0,3.0,2.958132070704941
Ej14,1.0,1.0,4.0,3.0,1.0,-1.2232561581666535
Ej15,5.0,5.0,7.0,5.0,3.0,4.1995039262228016
Ej16,4.0,1.0,5.0,6.0,1.0,1.1245647311512197
Ej2,1.0,2.0,4.0,3.0,1.0,-0.9033011717170635
Ej3,1.0,1.0,1.0,1.0,1.0,-2.28446569733846
Ej4,5.0,5.0,7.0,6.0,3.0,4.486332831107945
Ej5,4.0,5.0,7.0,6.0,3.0,4.044727187265078
Ej6,1.0,1.0,1.0,1.0,1.0,-2.28446569733846
Ej7,1.0,1.0,4.0,3.0,1.0,-1.2232561581666535
Ej8,3.0,4.0,7.0,6.0,3.0,3.2831665569726205
Ej9,5.0,2.0,7.0,6.0,3.0,3.526467871759175
Ia1,2.0,1.0,7.0,3.0,1.0,-0.29409878492226754
Ia10,1.0,1.0,5.0,3.0,1.0,-1.060738915032814
Ia11,1.0,4.0,7.0,6.0,3.0,2.3999552692868855
Ia12,5.0,5.0,7.0,6.0,3.0,4.486332831107945
Ia13,1.0,2.0,1.0,4.0,1.0,-1.1040239962334384
Ia14,1.0,1.0,7.0,3.0,1.0,-0.7357044287651349
Ia15,1.0,1.0,5.0,3.0,1.0,-1.060738915032814
Ia16,2.0,2.0,6.0,6.0,1.0,0.7238256730489147
Ia2,1.0,2.0,7.0,6.0,3.0,1.7600452963877051
Ia3,1.0,2.0,6.0,6.0,1.0,0.2822200292060473
Ia4,1.0,1.0,5.0,3.0,1.0,-1.060738915032814
Ia5,1.0,1.0,6.0,3.0,1.0,-0.8982216718989745
Ia6,2.0,4.0,7.0,3.0,1.0,0.665766174426503
Ia7,1.0,4.0,7.0,3.0,1.0,0.22416053058363572
Ia8,1.0,3.0,7.0,6.0,1.0,0.7646922587894771
Ia9,1.0,1.0,7.0,6.0,3.0,1.440090309938115
Ib1,1.0,1.0,7.0,3.0,1.0,-0.7357044287651349
Ib2,5.0,5.0,8.0,6.0,3.0,4.648850074241785
Ib3,4.0,5.0,7.0,6.0,3.0,4.044727187265078
Ib4,1.0,2.0,7.0,6.0,3.0,1.7600452963877051
Ib5,1.0,2.0,7.0,3.0,2.0,0.2419045697083645
Ib6,3.0,4.0,7.0,6.0,3.0,3.2831665569726205
Ib7,1.0,1.0,7.0,4.0,1.0,-0.44887552387999097
Ib8,1.0,1.0,1.0,4.0,1.0,-1.4239789826830285
Ic1,4.0,4.0,5.0,6.0,3.0,3.3997377145478085
Ic10,3.0,1.0,7.0,3.0,1.0,0.14750685892059978
Ic11,3.0,4.0,7.0,3.0,1.0,1.1073718182693704
Ic12,3.0,1.0,3.0,3.0,1.0,-0.5025621136147586
Ic2,3.0,2.0,8.0,3.0,1.0,0.6299790885040295
Ic3,2.0,4.0,6.0,3.0,1.0,0.5032489312926633
Ic5,2.0,2.0,7.0,3.0,1.0,0.02585620152732262
Ic6,2.0,4.0,7.0,3.0,1.0,0.665766174426503
Ic7,3.0,4.0,7.0,3.0,1.0,1.1073718182693704
Ic8,1.0,1.0,7.0,4.0,1.0,-0.44887552387999097
Ic9,2.0,4.0,8.0,6.0,3.0,3.0040781562635925
Id1,1.0,1.0,1.0,1.0,1.0,-2.28446569733846
Id10,1.0,1.0,1.0,1.0,1.0,-2.28446569733846
Id11,1.0,1.0,1.0,1.0,1.0,-2.28446569733846
Id12,1.0,1.0,1.0,1.0,1.0,-2.28446569733846
Id13,1.0,1.0,1.0,1.0,1.0,-2.28446569733846
Id2,1.0,1.0,1.0,1.0,1.0,-2.28446569733846
Id3,1.0,1.0,1.0,1.0,1.0,-2.28446569733846
Id4,2.0,1.0,1.0,1.0,1.0,-1.8428600534955926
Id5,1.0,1.0,1.0,1.0,1.0,-2.28446569733846
Id6,1.0,1.0,1.0,1.0,1.0,-2.28446569733846
Id8,1.0,1.0,1.0,1.0,1.0,-2.28446569733846
Id9,1.0,1.0,1.0,1.0,1.0,-2.28446569733846
Ie1,2.0,2.0,7.0,3.0,1.0,0.02585620152732262
Ie10,1.0,2.0,7.0,3.0,1.0,-0.41574944231554467
Ie11,1.0,1.0,5.0,5.0,1.0,-0.48708110526252635
Ie12,1.0,1.0,6.0,4.0,1.0,-0.6113927670138306
Ie13,1.0,1.0,7.0,4.0,1.0,-0.44887552387999097
Ie14,1.0,1.0,7.0,4.0,1.0,-0.44887552387999097
Ie15,1.0,1.0,7.0,4.0,1.0,-0.44887552387999097
Ie16,1.0,1.0,7.0,4.0,1.0,-0.44887552387999097
Ie17,1.0,2.0,4.0,4.0,1.0,-0.6164722668319196
Ie18,1.0,1.0,5.0,5.0,1.0,-0.48708110526252635
Ie19,1.0,1.0,6.0,4.0,1.0,-0.6113927670138306
Ie2,1.0,1.0,7.0,4.0,1.0,-0.44887552387999097
Ie20,1.0,4.0,7.0,4.0,1.0,0.5109894354687796
Ie21,1.0,1.0,7.0,4.0,1.0,-0.44887552387999097
Ie22,1.0,4.0,7.0,4.0,1.0,0.5109894354687796
Ie23,1.0,1.0,5.0,4.0,1.0,-0.7739100101476701
Ie24,1.0,2.0,7.0,4.0,1.0,-0.12892053743040083
Ie25,1.0,2.0,6.0,4.0,1.0,-0.29143778056424047
Ie26,1.0,1.0,7.0,4.0,1.0,-0.44887552387999097
Ie27,1.0,1.0,6.0,4.0,1.0,-0.6113927670138306
Ie28,1.0,2.0,7.0,4.0,1.0,-0.12892053743040083
Ie29,1.0,1.0,6.0,4.0,1.0,-0.6113927670138306
Ie3,1.0,1.0,6.0,4.0,1.0,-0.6113927670138306
Ie30,1.0,1.0,3.0,4.0,1.0,-1.0989444964153494
Ie31,1.0,2.0,6.0,4.0,1.0,-0.29143778056424047
Ie32,1.0,2.0,7.0,4.0,1.0,-0.12892053743040083
Ie33,1.0,1.0,3.0,4.0,1.0,-1.0989444964153494
Ie35,1.0,1.0,7.0,4.0,1.0,-0.44887552387999097
Ie38,2.0,1.0,6.0,4.0,1.0,-0.1697871231709633
Ie39,1.0,2.0,7.0,4.0,1.0,-0.12892053743040083
Ie4,1.0,1.0,7.0,4.0,1.0,-0.44887552387999097
Ie5,1.0,1.0,3.0,4.0,1.0,-1.0989444964153494
Ie6,1.0,1.0,7.0,4.0,1.0,-0.44887552387999097
Ie7,1.0,1.0,5.0,3.0,1.0,-1.060738915032814
Ie8,2.0,2.0,7.0,4.0,1.0,0.3126851064124665
Ie9,1.0,1.0,7.0,4.0,1.0,-0.44887552387999097
If1,3.0,4.0,7.0,4.0,1.0,1.3942007231545142
If11,3.0,4.0,5.0,4.0,1.0,1.069166236886835
If12,2.0,1.0,7.0,4.0,1.0,-0.007269880037123704
If13,2.0,4.0,5.0,4.0,1.0,0.6275605930439677
If14,2.0,4.0,8.0,4.0,1.0,1.1151123224454864
If15,1.0,1.0,6.0,4.0,1.0,-0.6113927670138306
If16,1.0,1.0,5.0,4.0,1.0,-0.7739100101476701
If17,2.0,4.0,5.0,4.0,1.0,0.6275605930439677
If2,1.0,1.0,6.0,4.0,1.0,-0.6113927670138306
If3,2.0,4.0,6.0,4.0,1.0,0.7900778361778072
If4,2.0,1.0,7.0,4.0,1.0,-0.007269880037123704
If5,3.0,4.0,5.0,4.0,1.0,1.069166236886835
If6,2.0,4.0,5.0,4.0,1.0,0.6275605930439677
If7,2.0,2.0,7.0,4.0,1.0,0.3126851064124665
If8,2.0,1.0,7.0,3.0,1.0,-0.29409878492226754
If9,2.0,1.0,7.0,4.0,1.0,-0.007269880037123704
Ig1,1.0,2.0,6.0,4.0,1.0,-0.29143778056424047
Ig10,1.0,1.0,7.0,4.0,1.0,-0.44887552387999097
Ig11,1.0,2.0,7.0,4.0,1.0,-0.12892053743040083
Ig12,1.0,2.0,6.0,4.0,1.0,-0.29143778056424047
Ig13,2.0,1.0,7.0,4.0,1.0,-0.007269880037123704
Ig14,1.0,2.0,6.0,4.0,1.0,-0.29143778056424047
Ig2,2.0,4.0,7.0,4.0,1.0,0.9525950793116468
Ig20,1.0,2.0,6.0,4.0,1.0,-0.29143778056424047
Ig21,1.0,1.0,5.0,4.0,1.0,-0.7739100101476701
Ig3,1.0,4.0,6.0,4.0,1.0,0.34847219233494
Ig4,1.0,1.0,6.0,4.0,1.0,-0.6113927670138306
Ig5,1.0,1.0,7.0,4.0,1.0,-0.44887552387999097
Ig6,1.0,1.0,6.0,4.0,1.0,-0.6113927670138306
Ig7,1.0,2.0,6.0,4.0,1.0,-0.29143778056424047
Ig9,1.0,2.0,7.0,2.0,1.0,-0.7025783472006886
Ih1,1.0,2.0,7.0,4.0,1.0,-0.12892053743040083
Ih10,2.0,4.0,7.0,4.0,1.0,0.9525950793116468
Ih14,3.0,2.0,7.0,4.0,1.0,0.7542907502553339
Ih2,1.0,2.0,7.0,4.0,1.0,-0.12892053743040083
Ih3,1.0,2.0,7.0,4.0,1.0,-0.12892053743040083
Ih4,3.0,2.0,7.0,4.0,1.0,0.7542907502553339
Ih5,2.0,1.0,7.0,6.0,1.0,0.566387929733164
Ih6,2.0,4.0,7.0,4.0,1.0,0.9525950793116468
Ih7,2.0,4.0,7.0,4.0,1.0,0.9525950793116468
Ih8,2.0,1.0,7.0,4.0,1.0,-0.007269880037123704
Ih9,1.0,2.0,7.0,4.0,1.0,-0.12892053743040083
Ii1,3.0,4.0,7.0,4.0,1.0,1.3942007231545142
Ii10,2.0,4.0,6.0,4.0,1.0,0.7900778361778072
Ii12,3.0,4.0,7.0,4.0,1.0,1.3942007231545142
Ii13,3.0,4.0,7.0,4.0,1.0,1.3942007231545142
Ii14,3.0,4.0,7.0,4.0,1.0,1.3942007231545142
Ii2,2.0,4.0,6.0,4.0,1.0,0.7900778361778072
Ii3,2.0,1.0,7.0,4.0,1.0,-0.007269880037123704
Ii4,2.0,4.0,7.0,4.0,1.0,0.9525950793116468
Ii5,1.0,2.0,3.0,4.0,1.0,-0.7789895099657591
Ii6,2.0,1.0,7.0,4.0,1.0,-0.007269880037123704
Ii7,2.0,4.0,7.0,4.0,1.0,0.9525950793116468
Ii8,2.0,4.0,7.0,4.0,1.0,0.9525950793116468
Ii9,2.0,4.0,7.0,4.0,1.0,0.9525950793116468
Ij1,2.0,4.0,5.0,4.0,1.0,0.6275605930439677
Ij2,2.0,4.0,7.0,3.0,1.0,0.665766174426503
Ij3,2.0,4.0,5.0,4.0,1.0,0.6275605930439677
Ij4,2.0,4.0,7.0,4.0,1.0,0.9525950793116468
Ij5,2.0,1.0,5.0,4.0,1.0,-0.3323043663048029
Ij6,3.0,4.0,7.0,6.0,1.0,1.9678585329248022
Ij7,3.0,4.0,7.0,4.0,1.0,1.3942007231545142
Ij8,3.0,4.0,7.0,4.0,1.0,1.3942007231545142
Ij9,2.0,4.0,7.0,3.0,1.0,0.665766174426503
Na1,1.0,1.0,2.0,1.0,1.0,-2.1219484542046203
Na10,1.0,4.0,7.0,1.0,1.0,-0.3494972791866519
Na12,1.0,2.0,2.0,1.0,1.0,-1.8019934677550302
Na13,1.0,1.0,2.0,1.0,1.0,-2.1219484542046203
Na14,1.0,1.0,2.0,1.0,1.0,-2.1219484542046203
Na15,1.0,1.0,2.0,1.0,1.0,-2.1219484542046203
Na16,1.0,1.0,1.0,1.0,1.0,-2.28446569733846
Na17,1.0,1.0,2.0,1.0,1.0,-2.1219484542046203
Na19,1.0,4.0,3.0,1.0,1.0,-0.9995662517220103
Na2,1.0,2.0,3.0,1.0,1.0,-1.6394762246211905
Na20,2.0,2.0,2.0,1.0,1.0,-1.3603878239121627
Na21,1.0,1.0,2.0,1.0,1.0,-2.1219484542046203
Na22,1.0,1.0,2.0,1.0,1.0,-2.1219484542046203
Na23,1.0,1.0,2.0,1.0,1.0,-2.1219484542046203
Na24,1.0,1.0,3.0,1.0,1.0,-1.9594312110707808
Na25,1.0,1.0,3.0,1.0,1.0,-1.9594312110707808
Na26,1.0,4.0,7.0,1.0,1.0,-0.3494972791866519
Na27,1.0,2.0,3.0,1.0,1.0,-1.6394762246211905
Na28,1.0,1.0,2.0,1.0,1.0,-2.1219484542046203
Na29,1.0,1.0,2.0,1.0,1.0,-2.1219484542046203
Na3,1.0,1.0,2.0,1.0,1.0,-2.1219484542046203
Na30,1.0,1.0,2.0,1.0,1.0,-2.1219484542046203
Na31,1.0,1.0,2.0,1.0,1.0,-2.1219484542046203
Na32,1.0,1.0,2.0,1.0,1.0,-2.1219484542046203
Na33,1.0,1.0,2.0,1.0,1.0,-2.1219484542046203
Na34,2.0,1.0,3.0,1.0,1.0,-1.5178255672279135
Na35,1.0,1.0,2.0,1.0,1.0,-2.1219484542046203
Na36,1.0,1.0,2.0,3.0,1.0,-1.5482906444343327
Na37,1.0,1.0,2.0,1.0,1.0,-2.1219484542046203
Na38,1.0,1.0,3.0,1.0,1.0,-1.9594312110707808
Na39,1.0,1.0,2.0,1.0,1.0,-2.1219484542046203
Na4,1.0,1.0,2.0,1.0,1.0,-2.1219484542046203
Na40,2.0,1.0,3.0,3.0,1.0,-0.9441677574576259
Na41,2.0,1.0,2.0,1.0,1.0,-1.680342810361753
Na42,2.0,1.0,3.0,3.0,1.0,-0.9441677574576259
Na43,1.0,1.0,2.0,1.0,1.0,-2.1219484542046203
Na44,1.0,1.0,2.0,1.0,1.0,-2.1219484542046203
Na45,1.0,1.0,2.0,1.0,1.0,-2.1219484542046203
Na5,1.0,1.0,2.0,1.0,1.0,-2.1219484542046203
Na6,1.0,2.0,3.0,1.0,1.0,-1.6394762246211905
Na7,1.0,1.0,2.0,1.0,1.0,-2.1219484542046203
Na8,1.0,2.0,2.0,1.0,1.0,-1.8019934677550302
Na9,1.0,4.0,7.0,1.0,1.0,-0.3494972791866519
Nb1,1.0,4.0,7.0,1.0,1.0,-0.3494972791866519
Nb10,1.0,4.0,3.0,1.0,1.0,-0.9995662517220103
Nb11,2.0,4.0,3.0,1.0,1.0,-0.557960607879143
Nb12,1.0,2.0,3.0,1.0,1.0,-1.6394762246211905
Nb13,1.0,2.0,3.0,1.0,1.0,-1.6394762246211905
Nb14,1.0,2.0,3.0,1.0,1.0,-1.6394762246211905
Nb15,1.0,4.0,2.0,1.0,1.0,-1.1620834948558498
Nb16,1.0,4.0,2.0,1.0,1.0,-1.1620834948558498
Nb17,1.0,2.0,3.0,1.0,1.0,-1.6394762246211905
Nb18,1.0,4.0,7.0,1.0,1.0,-0.3494972791866519
Nb19,1.0,4.0,7.0,1.0,1.0,-0.3494972791866519
Nb2,1.0,2.0,3.0,1.0,1.0,-1.6394762246211905
Nb20,1.0,4.0,7.0,1.0,1.0,-0.3494972791866519
Nb21,1.0,2.0,7.0,1.0,1.0,-0.9894072520858324
Nb22,1.0,4.0,3.0,1.0,1.0,-0.9995662517220103
Nb23,1.0,4.0,3.0,1.0,1.0,-0.9995662517220103
Nb24,1.0,4.0,3.0,1.0,1.0,-0.9995662517220103
Nb25,1.0,4.0,2.0,1.0,1.0,-1.1620834948558498
Nb26,1.0,2.0,3.0,1.0,1.0,-1.6394762246211905
Nb27,1.0,4.0,3.0,1.0,1.0,-0.9995662517220103
Nb28,1.0,2.0,7.0,1.0,1.0,-0.9894072520858324
Nb29,1.0,2.0,7.0,1.0,1.0,-0.9894072520858324
Nb3,2.0,4.0,7.0,1.0,1.0,0.09210836465621534
Nb30,1.0,2.0,2.0,1.0,1.0,-1.8019934677550302
Nb31,1.0,2.0,3.0,1.0,1.0,-1.6394762246211905
Nb32,2.0,2.0,3.0,1.0,1.0,-1.1978705807783232
Nb33,1.0,2.0,7.0,1.0,1.0,-0.9894072520858324
Nb34,1.0,2.0,7.0,1.0,1.0,-0.9894072520858324
Nb35,1.0,2.0,7.0,1.0,1.0,-0.9894072520858324
Nb36,1.0,2.0,7.0,1.0,1.0,-0.9894072520858324
Nb37,1.0,2.0,2.0,1.0,1.0,-1.8019934677550302
Nb38,1.0,2.0,7.0,1.0,1.0,-0.9894072520858324
Nb39,1.0,2.0,7.0,1.0,1.0,-0.9894072520858324
Nb4,1.0,2.0,7.0,1.0,1.0,-0.9894072520858324
Nb5,2.0,2.0,7.0,1.0,1.0,-0.547801608242965
Nb6,1.0,2.0,3.0,1.0,1.0,-1.6394762246211905
Nb7,2.0,4.0,3.0,1.0,1.0,-0.557960607879143
Nb8,1.0,4.0,3.0,1.0,1.0,-0.9995662517220103
Nb9,1.0,4.0,7.0,1.0,1.0,-0.3494972791866519
Nc1,1.0,2.0,7.0,1.0,1.0,-0.9894072520858324
Nc10,1.0,2.0,2.0,1.0,1.0,-1.8019934677550302
Nc11,1.0,2.0,2.0,1.0,1.0,-1.8019934677550302
Nc12,2.0,2.0,3.0,1.0,1.0,-1.1978705807783232
Nc13,1.0,2.0,3.0,1.0,1.0,-1.6394762246211905
Nc14,1.0,2.0,2.0,1.0,1.0,-1.8019934677550302
Nc15,1.0,1.0,2.0,1.0,1.0,-2.1219484542046203
Nc16,1.0,1.0,2.0,1.0,1.0,-2.1219484542046203
Nc18,1.0,2.0,3.0,1.0,1.0,-1.6394762246211905
Nc19,1.0,2.0,2.0,1.0,1.0,-1.8019934677550302
Nc2,2.0,1.0,2.0,1.0,1.0,-1.680342810361753
Nc21,1.0,2.0,2.0,1.0,1.0,-1.8019934677550302
Nc22,1.0,2.0,2.0,1.0,1.0,-1.8019934677550302
Nc23,1.0,2.0,2.0,1.0,1.0,-1.8019934677550302
Nc24,1.0,2.0,2.0,1.0,1.0,-1.8019934677550302
Nc25,1.0,2.0,2.0,1.0,1.0,-1.8019934677550302
Nc26,1.0,2.0,3.0,1.0,1.0,-1.6394762246211905
Nc27,1.0,2.0,2.0,1.0,1.0,-1.8019934677550302
Nc28,1.0,2.0,3.0,1.0,1.0,-1.6394762246211905
Nc29,1.0,2.0,3.0,1.0,1.0,-1.6394762246211905
Nc3,1.0,2.0,2.0,1.0,1.0,-1.8019934677550302
Nc30,1.0,1.0,2.0,1.0,1.0,-2.1219484542046203
Nc31,1.0,1.0,2.0,1.0,1.0,-2.1219484542046203
Nc32,1.0,1.0,2.0,1.0,1.0,-2.1219484542046203
Nc33,1.0,1.0,2.0,1.0,1.0,-2.1219484542046203
Nc34,1.0,1.0,2.0,1.0,1.0,-2.1219484542046203
Nc4,1.0,2.0,2.0,1.0,1.0,-1.8019934677550302
Nc5,1.0,1.0,3.0,1.0,1.0,-1.9594312110707808
Nc6,1.0,1.0,2.0,1.0,1.0,-2.1219484542046203
Nc7,1.0,2.0,3.0,1.0,1.0,-1.6394762246211905
Nc8,1.0,2.0,2.0,1.0,1.0,-1.8019934677550302
Nc9,1.0,2.0,2.0,1.0,1.0,-1.8019934677550302
Nd1,1.0,2.0,3.0,1.0,1.0,-1.6394762246211905
Nd10,2.0,2.0,2.0,1.0,1.0,-1.3603878239121627
Nd11,2.0,1.0,2.0,1.0,1.0,-1.680342810361753
Nd12,2.0,1.0,2.0,1.0,1.0,-1.680342810361753
Nd13,1.0,1.0,2.0,1.0,1.0,-2.1219484542046203
Nd14,2.0,2.0,2.0,1.0,1.0,-1.3603878239121627
Nd15,1.0,1.0,2.0,1.0,1.0,-2.1219484542046203
Nd16,1.0,1.0,2.0,1.0,1.0,-2.1219484542046203
Nd17,1.0,2.0,2.0,1.0,1.0,-1.8019934677550302
Nd18,1.0,2.0,3.0,1.0,1.0,-1.6394762246211905
Nd19,2.0,1.0,2.0,1.0,1.0,-1.680342810361753
Nd2,1.0,1.0,2.0,2.0,1.0,-1.8351195493194765
Nd20,2.0,2.0,2.0,1.0,1.0,-1.3603878239121627
Nd21,1.0,1.0,2.0,1.0,1.0,-2.1219484542046203
Nd22,1.0,1.0,2.0,1.0,1.0,-2.1219484542046203
Nd23,1.0,1.0,2.0,1.0,1.0,-2.1219484542046203
Nd24,1.0,1.0,2.0,1.0,1.0,-2.1219484542046203
Nd25,1.0,1.0,2.0,1.0,1.0,-2.1219484542046203
Nd26,1.0,1.0,2.0,1.0,1.0,-2.1219484542046203
Nd27,1.0,1.0,2.0,1.0,1.0,-2.1219484542046203
Nd28,1.0,1.0,2.0,1.0,1.0,-2.1219484542046203
Nd29,1.0,1.0,2.0,1.0,1.0,-2.1219484542046203
Nd3,1.0,1.0,3.0,6.0,1.0,-0.5252866866450617
Nd30,1.0,1.0,2.0,1.0,1.0,-2.1219484542046203
Nd31,1.0,1.0,2.0,2.0,1.0,-1.8351195493194765
Nd32,1.0,1.0,2.0,1.0,1.0,-2.1219484542046203
Nd33,1.0,1.0,2.0,1.0,1.0,-2.1219484542046203
Nd34,1.0,1.0,2.0,1.0,1.0,-2.1219484542046203
Nd35,1.0,1.0,2.0,2.0,1.0,-1.8351195493194765
Nd36,1.0,1.0,2.0,1.0,1.0,-2.1219484542046203
Nd37,1.0,1.0,2.0,2.0,1.0,-1.8351195493194765
Nd38,1.0,1.0,2.0,2.0,1.0,-1.8351195493194765
Nd39,1.0,1.0,2.0,6.0,1.0,-0.6878039297789013
Nd4,1.0,1.0,2.0,1.0,1.0,-2.1219484542046203
Nd40,1.0,1.0,2.0,1.0,1.0,-2.1219484542046203
Nd41,1.0,1.0,2.0,1.0,1.0,-2.1219484542046203
Nd42,1.0,1.0,2.0,1.0,1.0,-2.1219484542046203
Nd43,1.0,1.0,2.0,1.0,1.0,-2.1219484542046203
Nd44,1.0,1.0,2.0,1.0,1.0,-2.1219484542046203
Nd45,1.0,2.0,2.0,1.0,1.0,-1.8019934677550302
Nd46,1.0,1.0,2.0,1.0,1.0,-2.1219484542046203
Nd47,1.0,1.0,2.0,1.0,1.0,-2.1219484542046203
Nd48,1.0,1.0,2.0,1.0,1.0,-2.1219484542046203
Nd49,1.0,1.0,2.0,1.0,1.0,-2.1219484542046203
Nd5,1.0,1.0,2.0,1.0,1.0,-2.1219484542046203
Nd50,1.0,1.0,2.0,1.0,1.0,-2.1219484542046203
Nd51,1.0,1.0,2.0,2.0,1.0,-1.8351195493194765
Nd52,1.0,1.0,2.0,6.0,1.0,-0.6878039297789013
Nd53,1.0,1.0,2.0,6.0,1.0,-0.6878039297789013
Nd54,1.0,1.0,2.0,6.0,1.0,-0.6878039297789013
Nd55,1.0,1.0,2.0,6.0,1.0,-0.6878039297789013
Nd56,1.0,1.0,2.0,6.0,1.0,-0.6878039297789013
Nd57,1.0,1.0,2.0,1.0,1.0,-2.1219484542046203
Nd58,1.0,1.0,2.0,1.0,1.0,-2.1219484542046203
Nd59,1.0,1.0,2.0,1.0,1.0,-2.1219484542046203
Nd6,1.0,1.0,2.0,1.0,1.0,-2.1219484542046203
Nd60,1.0,1.0,2.0,1.0,1.0,-2.1219484542046203
Nd61,1.0,1.0,2.0,1.0,1.0,-2.1219484542046203
Nd62,1.0,1.0,1.0,1.0,1.0,-2.28446569733846
Nd63,2.0,1.0,2.0,1.0,1.0,-1.680342810361753
Nd64,2.0,1.0,2.0,1.0,1.0,-1.680342810361753
Nd65,1.0,1.0,2.0,2.0,1.0,-1.8351195493194765
Nd66,1.0,1.0,2.0,2.0,1.0,-1.8351195493194765
Nd67,1.0,1.0,2.0,3.0,1.0,-1.5482906444343327
Nd7,2.0,1.0,2.0,1.0,1.0,-1.680342810361753
Nd8,1.0,2.0,2.0,1.0,1.0,-1.8019934677550302
Nd9,1.0,2.0,2.0,1.0,1.0,-1.8019934677550302
Ne1,2.0,1.0,1.0,1.0,1.0,-1.8428600534955926
Ne11,1.0,1.0,1.0,1.0,1.0,-2.28446569733846
Ne12,1.0,2.0,1.0,1.0,1.0,-1.9645107108888697
Ne13,2.0,2.0,1.0,1.0,1.0,-1.5229050670460025
Ne14,1.0,1.0,1.0,1.0,1.0,-2.28446569733846
Ne15,1.0,1.0,3.0,5.0,1.0,-0.8121155915302056
Ne16,2.0,1.0,1.0,1.0,1.0,-1.8428600534955926
Ne17,2.0,1.0,2.0,1.0,1.0,-1.680342810361753
Ne18,2.0,2.0,1.0,1.0,1.0,-1.5229050670460025
Ne19,1.0,1.0,1.0,1.0,1.0,-2.28446569733846
Ne2,1.0,1.0,1.0,1.0,1.0,-2.28446569733846
Ne20,1.0,1.0,2.0,2.0,1.0,-1.8351195493194765
Ne3,1.0,1.0,1.0,1.0,1.0,-2.28446569733846
Ne4,2.0,1.0,2.0,2.0,1.0,-1.3935139054766092
Ne5,2.0,1.0,1.0,2.0,1.0,-1.5560311486104488
Ne6,2.0,1.0,3.0,5.0,1.0,-0.37050994768733825
Ne7,2.0,1.0,1.0,1.0,1.0,-1.8428600534955926
Ne8,2.0,1.0,2.0,1.0,1.0,-1.680342810361753
Ne9,2.0,1.0,2.0,1.0,1.0,-1.680342810361753
Nf10,2.0,4.0,3.0,3.0,1.0,0.015697201891144617
Nf11,1.0,4.0,3.0,3.0,1.0,-0.4259084419517226
Nf12,2.0,4.0,3.0,3.0,1.0,0.015697201891144617
Nf13,2.0,1.0,3.0,3.0,1.0,-0.9441677574576259
Nf14,2.0,3.0,7.0,3.0,1.0,0.3458111879769128
Nf2,2.0,1.0,3.0,3.0,1.0,-0.9441677574576259
Nf3,2.0,1.0,3.0,3.0,1.0,-0.9441677574576259
Nf4,2.0,1.0,3.0,3.0,1.0,-0.9441677574576259
Nf5,2.0,1.0,3.0,3.0,1.0,-0.9441677574576259
Nf6,2.0,4.0,3.0,3.0,1.0,0.015697201891144617
Nf7,2.0,1.0,2.0,3.0,1.0,-1.1066850005914655
Nf8,3.0,4.0,6.0,3.0,1.0,0.9448545751355307
Nf9,2.0,1.0,3.0,3.0,1.0,-0.9441677574576259
Ng1,2.0,2.0,3.0,3.0,1.0,-0.6242127710080357
Ng10,3.0,1.0,7.0,3.0,1.0,0.14750685892059978
Ng11,2.0,1.0,7.0,3.0,1.0,-0.29409878492226754
Ng12,2.0,1.0,5.0,3.0,1.0,-0.6191332711899468
Ng3,3.0,1.0,7.0,3.0,1.0,0.14750685892059978
Ng5,3.0,1.0,7.0,3.0,1.0,0.14750685892059978
Ng6,1.0,1.0,3.0,3.0,1.0,-1.3857734013004932
Ng7,2.0,3.0,7.0,3.0,1.0,0.3458111879769128
Ng8,2.0,4.0,3.0,3.0,1.0,0.015697201891144617
Nh1,1.0,1.0,1.0,2.0,1.0,-1.997636792453316
Nh10,1.0,1.0,7.0,6.0,1.0,0.1247822858902967
Nh11,1.0,1.0,7.0,6.0,2.0,0.7824362979142059
Nh12,1.0,2.0,7.0,6.0,2.0,1.1023912843637962
Nh13,1.0,1.0,7.0,5.0,1.0,-0.16204661899484715
Nh15,1.0,1.0,2.0,2.0,1.0,-1.8351195493194765
Nh16,1.0,1.0,2.0,3.0,1.0,-1.5482906444343327
Nh17,1.0,1.0,3.0,3.0,1.0,-1.3857734013004932
Nh18,1.0,1.0,7.0,6.0,1.0,0.1247822858902967
Nh19,1.0,1.0,5.0,5.0,1.0,-0.48708110526252635
Nh2,1.0,1.0,7.0,6.0,1.0,0.1247822858902967
Nh20,2.0,1.0,5.0,5.0,1.0,-0.04547546141965905
Nh21,2.0,1.0,5.0,5.0,1.0,-0.04547546141965905
Nh22,1.0,1.0,7.0,5.0,1.0,-0.16204661899484715
Nh23,1.0,1.0,2.0,2.0,1.0,-1.8351195493194765
Nh24,2.0,1.0,2.0,1.0,1.0,-1.680342810361753
Nh25,1.0,1.0,7.0,6.0,1.0,0.1247822858902967
Nh3,1.0,1.0,3.0,6.0,1.0,-0.5252866866450617
Nh4,1.0,1.0,7.0,6.0,1.0,0.1247822858902967
Nh5,2.0,1.0,7.0,6.0,1.0,0.566387929733164
Nh6,1.0,1.0,7.0,5.0,2.0,0.495607393029062
Nh7,1.0,1.0,7.0,6.0,2.0,0.7824362979142059
Nh8,1.0,1.0,7.0,6.0,1.0,0.1247822858902967
Ni1,1.0,2.0,5.0,5.0,1.0,-0.16712611881293618
Ni2,1.0,1.0,3.0,6.0,1.0,-0.5252866866450617
Ni3,1.0,2.0,6.0,3.0,1.0,-0.5782666854493843
Ni4,1.0,1.0,2.0,1.0,1.0,-2.1219484542046203
Ni5,1.0,1.0,1.0,1.0,1.0,-2.28446569733846
Ni6,1.0,1.0,7.0,6.0,1.0,0.1247822858902967
Ni7,1.0,1.0,7.0,6.0,1.0,0.1247822858902967
Nj2,3.0,5.0,7.0,6.0,1.0,2.2878135193743923
Nj3,1.0,1.0,7.0,3.0,1.0,-0.7357044287651349
Nj8,3.0,4.0,7.0,5.0,1.0,1.6810296280396582
Sa1,2.0,2.0,7.0,3.0,1.0,0.02585620152732262
Sa12,1.0,4.0,7.0,3.0,1.0,0.22416053058363572
Sa13,2.0,2.0,7.0,3.0,1.0,0.02585620152732262
Sa3,2.0,5.0,8.0,3.0,1.0,1.148238404009933
Sa4,1.0,1.0,5.0,3.0,1.0,-1.060738915032814
Sa5,1.0,1.0,5.0,3.0,1.0,-1.060738915032814
Sa6,2.0,5.0,8.0,3.0,1.0,1.148238404009933
Sa7,1.0,1.0,7.0,4.0,1.0,-0.44887552387999097
Sa9,2.0,1.0,7.0,3.0,1.0,-0.29409878492226754
Sb1,1.0,1.0,6.0,5.0,1.0,-0.3245638621286868
Sb2,1.0,2.0,3.0,3.0,1.0,-1.065818414850903
Sb4,1.0,1.0,5.0,3.0,1.0,-1.060738915032814
Sb5,1.0,1.0,7.0,1.0,1.0,-1.3093622385354224
Sb6,1.0,2.0,1.0,2.0,1.0,-1.677681806003726
Sb7,1.0,1.0,7.0,3.0,1.0,-0.7357044287651349
Sb8,3.0,4.0,7.0,6.0,1.0,1.9678585329248022
Sb9,4.0,5.0,7.0,5.0,1.0,2.4425902583321157
Sc1,1.0,1.0,3.0,2.0,1.0,-1.672602306185637
Sc10,1.0,1.0,7.0,3.0,1.0,-0.7357044287651349
Sc11,1.0,1.0,7.0,3.0,1.0,-0.7357044287651349
Sc12,1.0,1.0,7.0,3.0,1.0,-0.7357044287651349
Sc13,1.0,1.0,2.0,3.0,1.0,-1.5482906444343327
Sc15,1.0,1.0,7.0,3.0,1.0,-0.7357044287651349
Sc16,1.0,1.0,7.0,3.0,1.0,-0.7357044287651349
Sc17,1.0,1.0,7.0,3.0,1.0,-0.7357044287651349
Sc18,2.0,1.0,3.0,3.0,1.0,-0.9441677574576259
Sc2,1.0,1.0,7.0,3.0,1.0,-0.7357044287651349
Sc3,1.0,1.0,5.0,3.0,1.0,-1.060738915032814
Sc4,1.0,1.0,3.0,3.0,1.0,-1.3857734013004932
Sc5,1.0,1.0,7.0,3.0,1.0,-0.7357044287651349
Sc6,3.0,1.0,7.0,3.0,1.0,0.14750685892059978
Sc7,1.0,1.0,7.0,3.0,1.0,-0.7357044287651349
Sc8,1.0,1.0,2.0,3.0,1.0,-1.5482906444343327
Sc9,1.0,1.0,7.0,3.0,1.0,-0.7357044287651349
Sd1,1.0,1.0,7.0,3.0,1.0,-0.7357044287651349
Sd2,1.0,1.0,7.0,3.0,1.0,-0.7357044287651349
Sd3,1.0,1.0,7.0,3.0,1.0,-0.7357044287651349
Sd4,1.0,1.0,2.0,3.0,1.0,-1.5482906444343327
Sd5,1.0,1.0,7.0,3.0,1.0,-0.7357044287651349
Sd6,1.0,1.0,2.0,1.0,1.0,-2.1219484542046203
Sd7,1.0,1.0,7.0,3.0,1.0,-0.7357044287651349
Sd8,1.0,1.0,2.0,2.0,1.0,-1.8351195493194765
Sd9,1.0,1.0,4.0,3.0,1.0,-1.2232561581666535
Se1,1.0,1.0,2.0,3.0,1.0,-1.5482906444343327
Se10,1.0,2.0,7.0,3.0,1.0,-0.41574944231554467
Se11,1.0,1.0,7.0,3.0,1.0,-0.7357044287651349
Se2,1.0,1.0,7.0,3.0,1.0,-0.7357044287651349
Se3,1.0,1.0,5.0,3.0,1.0,-1.060738915032814
Se4,1.0,1.0,7.0,3.0,1.0,-0.7357044287651349
Se5,1.0,1.0,4.0,3.0,1.0,-1.2232561581666535
Se6,1.0,1.0,7.0,3.0,1.0,-0.7357044287651349
Se8,1.0,1.0,5.0,3.0,1.0,-1.060738915032814
Se9,1.0,1.0,7.0,3.0,1.0,-0.7357044287651349
Sf1,5.0,5.0,7.0,6.0,1.0,3.1710248070601272
Sf3,1.0,1.0,5.0,4.0,1.0,-0.7739100101476701
Sf4,1.0,1.0,7.0,3.0,1.0,-0.7357044287651349
Sf6,3.0,4.0,7.0,6.0,1.0,1.9678585329248022
Sf7,1.0,1.0,7.0,3.0,1.0,-0.7357044287651349
Sg1,1.0,1.0,1.0,1.0,1.0,-2.28446569733846
Sg2,1.0,2.0,6.0,5.0,1.0,-0.004608875679096601
Sg3,1.0,1.0,1.0,1.0,1.0,-2.28446569733846
Sg4,1.0,1.0,1.0,1.0,1.0,-2.28446569733846
Sg5,1.0,1.0,1.0,1.0,1.0,-2.28446569733846
Sh1,1.0,1.0,2.0,2.0,1.0,-1.8351195493194765
Sh2,1.0,4.0,2.0,3.0,1.0,-0.5884256850855621
Sh3,1.0,4.0,1.0,1.0,1.0,-1.3246007379896894
Sh4,2.0,4.0,1.0,3.0,1.0,-0.30933728437653457
Sh5,1.0,1.0,4.0,2.0,1.0,-1.5100850630517975
Sh6,2.0,4.0,1.0,2.0,1.0,-0.5961661892616784
Sh8,2.0,1.0,3.0,4.0,1.0,-0.657338852572482
Sh9,1.0,1.0,1.0,2.0,1.0,-1.997636792453316
Si1,2.0,1.0,2.0,1.0,1.0,-1.680342810361753
Si10,1.0,1.0,7.0,3.0,1.0,-0.7357044287651349
Si2,1.0,1.0,7.0,3.0,1.0,-0.7357044287651349
Si3,1.0,1.0,7.0,3.0,1.0,-0.7357044287651349
Si4,1.0,1.0,2.0,3.0,1.0,-1.5482906444343327
Si5,1.0,1.0,4.0,3.0,1.0,-1.2232561581666535
Si6,1.0,1.0,2.0,2.0,1.0,-1.8351195493194765
Si7,1.0,1.0,7.0,3.0,1.0,-0.7357044287651349
Si8,1.0,1.0,7.0,3.0,1.0,-0.7357044287651349
Sj1,1.0,1.0,3.0,3.0,1.0,-1.3857734013004932
Sj10,1.0,1.0,7.0,3.0,1.0,-0.7357044287651349
Sj11,1.0,1.0,2.0,3.0,1.0,-1.5482906444343327
Sj2,1.0,1.0,7.0,3.0,1.0,-0.7357044287651349
Sj3,1.0,1.0,1.0,1.0,1.0,-2.28446569733846
Sj4,1.0,1.0,2.0,3.0,1.0,-1.5482906444343327
Sj5,1.0,1.0,1.0,1.0,1.0,-2.28446569733846
Sj6,1.0,1.0,7.0,3.0,1.0,-0.7357044287651349
Sj7,1.0,1.0,7.0,3.0,1.0,-0.7357044287651349
Sj8,2.0,2.0,7.0,3.0,1.0,0.02585620152732262
Sj9,1.0,1.0,2.0,3.0,1.0,-1.5482906444343327
ch12,5.0,5.0,7.0,5.0,2.0,3.541849914198892
ch13,5.0,2.0,7.0,5.0,3.0,3.239638966874031
ch14,5.0,2.0,7.0,5.0,3.0,3.239638966874031
ch15,5.0,3.0,7.0,5.0,3.0,3.559593953323621
ch16,5.0,5.0,5.0,5.0,3.0,3.874469439955122
ch17,5.0,2.0,7.0,5.0,2.0,2.5819849548501215
ch18,5.0,2.0,7.0,5.0,3.0,3.239638966874031
ch19,5.0,2.0,7.0,3.0,3.0,2.665981157103743
ch20,5.0,5.0,7.0,5.0,3.0,4.1995039262228016
ch21,5.0,5.0,5.0,5.0,3.0,3.874469439955122
ch22,5.0,5.0,8.0,4.0,2.0,3.4175382524475877
ch23,5.0,5.0,8.0,4.0,2.0,3.4175382524475877
ch24,5.0,2.0,7.0,5.0,3.0,3.239638966874031
ch25,5.0,5.0,7.0,5.0,3.0,4.1995039262228016
ch26,5.0,2.0,7.0,5.0,3.0,3.239638966874031
ch27,5.0,2.0,7.0,5.0,3.0,3.239638966874031
ch28,5.0,2.0,7.0,5.0,3.0,3.239638966874031
ec12,1.0,1.0,1.0,1.0,1.0,-2.28446569733846
ec13,1.0,1.0,7.0,1.0,1.0,-1.3093622385354224
ec14,1.0,2.0,7.0,1.0,1.0,-0.9894072520858324
ec15,1.0,1.0,3.0,1.0,1.0,-1.9594312110707808
ec16,1.0,1.0,1.0,1.0,1.0,-2.28446569733846
ec17,1.0,2.0,2.0,1.0,1.0,-1.8019934677550302
ec18,1.0,2.0,3.0,1.0,1.0,-1.6394762246211905
ec19,1.0,1.0,2.0,1.0,1.0,-2.1219484542046203
ec20,1.0,1.0,3.0,1.0,1.0,-1.9594312110707808
ec21,1.0,1.0,3.0,1.0,1.0,-1.9594312110707808
